language,page_title,domain,kingdom,phylum,class,order,suborder,superfamily,family,genus,species,Wikidata,Wikispecies,ADW,BOLD,CoL,GBIF,iNaturalist,IRMNG,ITIS,IUCN,NCBI,Open Tree of Life,RD,Species+
en,Wildlife,,,,,,,,,,,,,,,,,,,,,,,,
en,Sleep in animals,,,,,,,,,,,,,,,,,,,,,,,,
en,Animal cognition,,,,,,,,,,,,,,,,,,,,,,,,
en,Animal locomotion,,,,,,,,,,,,,,,,,,,,,,,,
en,Animal,,,,,,,,,,,,,,,,,,,,,,,,
en,Lists of animals,,,,,,,,,,,,,,,,,,,,,,,,
en,ParaHoxozoa,,,,,,,,,,,,,,,,,,,,,,,,
en,Parazoa,,,,,,,,,,,,,,,,,,,,,,,,
en,Phreatobite,,,,,,,,,,,,,,,,,,,,,,,,
en,Animal genetic resources for food and agriculture,,,,,,,,,,,,,,,,,,,,,,,,
en,DAD-IS,,,,,,,,,,,,,,,,,,,,,,,,
en,EDGE species,,,,,,,,,,,,,,,,,,,,,,,,
en,Endling,,,,,,,,,,,,,,,,,,,,,,,,
en,Favourable conservation status of wolves in Europe,,,,,,,,,,,,,,,,,,,,,,,,
en,African forest elephant,,,,,,,,,,,,,,,,,,,,,,,,
en,Amatola toad,,,,,,,,,,,,,,,,,,,,,,,,
en,Anjouan scops owl,,,,,,,,,,,,,,,,,,,,,,,,
en,Annobón scops owl,,,,,,,,,,,,,,,,,,,,,,,,
en,African wild ass,,,,,,,,,,,,,,,,,,,,,,,,
en,Bale Mountains tree frog,,,,,,,,,,,,,,,,,,,,,,,,
en,Belalanda chameleon,,,,,,,,,,,,,,,,,,,,,,,,
en,Black rhinoceros,,,,,,,,,,,,,,,,,,,,,,,,
en,Black-and-white ruffed lemur,,,,,,,,,,,,,,,,,,,,,,,,
en,Blue-eyed black lemur,,,,,,,,,,,,,,,,,,,,,,,,
en,Bouvier's red colobus,,,,,,,,,,,,,,,,,,,,,,,,
en,Brookesia bonsi,,,,,,,,,,,,,,,,,,,,,,,,
en,Brookesia desperata,,,,,,,,,,,,,,,,,,,,,,,,
en,Calumma tarzan,,,,,,,,,,,,,,,,,,,,,,,,
en,Chalcides ebneri,,,,,,,,,,,,,,,,,,,,,,,,
en,Bizarre-nosed chameleon,,,,,,,,,,,,,,,,,,,,,,,,
en,Claire's mouse lemur,,,,,,,,,,,,,,,,,,,,,,,,
en,West African slender-snouted crocodile,,,,,,,,,,,,,,,,,,,,,,,,
en,Cross River gorilla,,,,,,,,,,,,,,,,,,,,,,,,
en,De Winton's golden mole,,,,,,,,,,,,,,,,,,,,,,,,
en,Diademed sifaka,,,,,,,,,,,,,,,,,,,,,,,,
en,Djibouti spurfowl,,,,,,,,,,,,,,,,,,,,,,,,
en,Dryas monkey,,,,,,,,,,,,,,,,,,,,,,,,
en,Du Toit's torrent frog,,,,,,,,,,,,,,,,,,,,,,,,
en,Eastern gorilla,,,,,,,,,,,,,,,,,,,,,,,,
en,Eastern lowland gorilla,,,,,,,,,,,,,,,,,,,,,,,,
en,Ericabatrachus,,,,,,,,,,,,,,,,,,,,,,,,
en,Flat-backed spider tortoise,,,,,,,,,,,,,,,,,,,,,,,,
en,Galagoides rondoensis,,,,,,,,,,,,,,,,,,,,,,,,
en,Gerp's mouse lemur,,,,,,,,,,,,,,,,,,,,,,,,
en,Golden bamboo lemur,,,,,,,,,,,,,,,,,,,,,,,,
en,Golden-crowned sifaka,,,,,,,,,,,,,,,,,,,,,,,,
en,Gorilla berengei berengei,,,,,,,,,,,,,,,,,,,,,,,,
en,Gray-headed lemur,,,,,,,,,,,,,,,,,,,,,,,,
en,Greater bamboo lemur,,,,,,,,,,,,,,,,,,,,,,,,
en,Harenna shrew,,,,,,,,,,,,,,,,,,,,,,,,
en,Hawks' sportive lemur,,,,,,,,,,,,,,,,,,,,,,,,
en,Hooded vulture,,,,,,,,,,,,,,,,,,,,,,,,
en,Indri,,,,,,,,,,,,,,,,,,,,,,,,
en,James' sportive lemur,,,,,,,,,,,,,,,,,,,,,,,,
en,Karthala scops owl,,,,,,,,,,,,,,,,,,,,,,,,
en,Kipunji,,,,,,,,,,,,,,,,,,,,,,,,
en,Kleinmann's tortoise,,,,,,,,,,,,,,,,,,,,,,,,
en,Lac Alaotra bamboo lemur,,,,,,,,,,,,,,,,,,,,,,,,
en,Lake Chala tilapia,,,,,,,,,,,,,,,,,,,,,,,,
en,Longcomb sawfish,,,,,,,,,,,,,,,,,,,,,,,,
en,Madagascar fish eagle,,,,,,,,,,,,,,,,,,,,,,,,
en,Madagascar pochard,,,,,,,,,,,,,,,,,,,,,,,,
en,Maltese skate,,,,,,,,,,,,,,,,,,,,,,,,
en,Marohita mouse lemur,,,,,,,,,,,,,,,,,,,,,,,,
en,Mauritius olive white-eye,,,,,,,,,,,,,,,,,,,,,,,,
en,Miss Waldron's red colobus,,,,,,,,,,,,,,,,,,,,,,,,
en,Moheli scops owl,,,,,,,,,,,,,,,,,,,,,,,,
en,Mongoose lemur,,,,,,,,,,,,,,,,,,,,,,,,
en,Mount Kahuzi climbing mouse,,,,,,,,,,,,,,,,,,,,,,,,
en,Mount Oku hylomyscus,,,,,,,,,,,,,,,,,,,,,,,,
en,Mountain gorilla,,,,,,,,,,,,,,,,,,,,,,,,
en,Natal shyshark,,,,,,,,,,,,,,,,,,,,,,,,
en,Niger Delta red colobus,,,,,,,,,,,,,,,,,,,,,,,,
en,Northern sportive lemur,,,,,,,,,,,,,,,,,,,,,,,,
en,Northern white rhinoceros,,,,,,,,,,,,,,,,,,,,,,,,
en,Northwest African cheetah,,,,,,,,,,,,,,,,,,,,,,,,
en,Oreochromis chungruruensis,,,,,,,,,,,,,,,,,,,,,,,,
en,Oreochromis hunteri,,,,,,,,,,,,,,,,,,,,,,,,
en,Oreochromis jipe,,,,,,,,,,,,,,,,,,,,,,,,
en,Ornate sleeper-ray,,,,,,,,,,,,,,,,,,,,,,,,
en,Osgood's Ethiopian toad,,,,,,,,,,,,,,,,,,,,,,,,
en,Pennant's colobus,,,,,,,,,,,,,,,,,,,,,,,,
en,Peripatopsis leonina,,,,,,,,,,,,,,,,,,,,,,,,
en,Perrier's sifaka,,,,,,,,,,,,,,,,,,,,,,,,
en,Preuss's red colobus,,,,,,,,,,,,,,,,,,,,,,,,
en,Príncipe thrush,,,,,,,,,,,,,,,,,,,,,,,,
en,Raso lark,,,,,,,,,,,,,,,,,,,,,,,,
en,Red ruffed lemur,,,,,,,,,,,,,,,,,,,,,,,,
en,Réunion cuckooshrike,,,,,,,,,,,,,,,,,,,,,,,,
en,Riverine rabbit,,,,,,,,,,,,,,,,,,,,,,,,
en,Rondo dwarf galago,,,,,,,,,,,,,,,,,,,,,,,,
en,Rose's ghost frog,,,,,,,,,,,,,,,,,,,,,,,,
en,Rungwecebus,,,,,,,,,,,,,,,,,,,,,,,,
en,Rüppell's vulture,,,,,,,,,,,,,,,,,,,,,,,,
en,Sahamalaza sportive lemur,,,,,,,,,,,,,,,,,,,,,,,,
en,São Tomé fiscal,,,,,,,,,,,,,,,,,,,,,,,,
en,São Tomé grosbeak,,,,,,,,,,,,,,,,,,,,,,,,
en,Seychelles paradise flycatcher,,,,,,,,,,,,,,,,,,,,,,,,
en,Seychelles sheath-tailed bat,,,,,,,,,,,,,,,,,,,,,,,,
en,Sibree's dwarf lemur,,,,,,,,,,,,,,,,,,,,,,,,
en,Silky sifaka,,,,,,,,,,,,,,,,,,,,,,,,
en,South-central black rhinoceros,,,,,,,,,,,,,,,,,,,,,,,,
en,Southern patas monkey,,,,,,,,,,,,,,,,,,,,,,,,
en,Squatina squatina,,,,,,,,,,,,,,,,,,,,,,,,
en,Taita thrush,,,,,,,,,,,,,,,,,,,,,,,,
en,Uluguru bushshrike,,,,,,,,,,,,,,,,,,,,,,,,
en,West Indian Ocean coelacanth,,,,,,,,,,,,,,,,,,,,,,,,
en,Western chimpanzee,,,,,,,,,,,,,,,,,,,,,,,,
en,Western gorilla,,,,,,,,,,,,,,,,,,,,,,,,
en,Western lowland gorilla,,,,,,,,,,,,,,,,,,,,,,,,
en,White-backed vulture,,,,,,,,,,,,,,,,,,,,,,,,
en,White-headed vulture,,,,,,,,,,,,,,,,,,,,,,,,
en,Xenotyphlops grandidieri,,,,,,,,,,,,,,,,,,,,,,,,
en,African wild ass,,,,,,,,,,,,,,,,,,,,,,,,
en,Atlas wild ass,,,,,,,,,,,,,,,,,,,,,,,,
en,Donkey,,,,,,,,,,,,,,,,,,,,,,,,
en,Nubian wild ass,,,,,,,,,,,,,,,,,,,,,,,,
en,Opinion 2027,,,,,,,,,,,,,,,,,,,,,,,,
en,Somali wild ass,,,,,,,,,,,,,,,,,,,,,,,,
en,Donkey,,,,,,,,,,,,,,,,,,,,,,,,
en,Bestiality with a donkey,,,,,,,,,,,,,,,,,,,,,,,,
en,Biblioburro,,,,,,,,,,,,,,,,,,,,,,,,
en,BurroCross,,,,,,,,,,,,,,,,,,,,,,,,
en,Cultural references to donkeys,,,,,,,,,,,,,,,,,,,,,,,,
en,Donkey burger,,,,,,,,,,,,,,,,,,,,,,,,
en,Donkey meat,,,,,,,,,,,,,,,,,,,,,,,,
en,Donkey milk,,,,,,,,,,,,,,,,,,,,,,,,
en,Donkey show,,,,,,,,,,,,,,,,,,,,,,,,
en,Donkey-hide gelatin,,,,,,,,,,,,,,,,,,,,,,,,
en,Donkeys in France,,,,,,,,,,,,,,,,,,,,,,,,
en,Donkeys in Tunisia,,,,,,,,,,,,,,,,,,,,,,,,
en,Feast of the Ass,,,,,,,,,,,,,,,,,,,,,,,,
en,Lions led by donkeys,,,,,,,,,,,,,,,,,,,,,,,,
en,List of Bureau of Land Management Herd Management Areas,,,,,,,,,,,,,,,,,,,,,,,,
en,The Messiah's Donkey,,,,,,,,,,,,,,,,,,,,,,,,
en,Pack burro racing,,,,,,,,,,,,,,,,,,,,,,,,
en,Party of Donkeys,,,,,,,,,,,,,,,,,,,,,,,,
en,Peaceful Valley Donkey Rescue,,,,,,,,,,,,,,,,,,,,,,,,
en,Petter chamor,,,,,,,,,,,,,,,,,,,,,,,,
en,Pule cheese,,,,,,,,,,,,,,,,,,,,,,,,
en,Donkey rides,,,,,,,,,,,,,,,,,,,,,,,,
en,Triumphal entry into Jerusalem,,,,,,,,,,,,,,,,,,,,,,,,
en,Onolatry,,,,,,,,,,,,,,,,,,,,,,,,
en,Alexamenos graffito,,,,,,,,,,,,,,,,,,,,,,,,
en,Epona,,,,,,,,,,,,,,,,,,,,,,,,
en,Lamashtu,,,,,,,,,,,,,,,,,,,,,,,,
en,Priapus,,,,,,,,,,,,,,,,,,,,,,,,
en,Set (deity),,,,,,,,,,,,,,,,,,,,,,,,
en,Šumugan,,,,,,,,,,,,,,,,,,,,,,,,
en,Tuchulcha,,,,,,,,,,,,,,,,,,,,,,,,
en,Vesta (mythology),,,,,,,,,,,,,,,,,,,,,,,,
en,Set (deity),,,,,,,,,,,,,,,,,,,,,,,,
en,Abgig obelisk,,,,,,,,,,,,,,,,,,,,,,,,
en,Akhekh,,,,,,,,,,,,,,,,,,,,,,,,
en,Ash (deity),,,,,,,,,,,,,,,,,,,,,,,,
en,The Contendings of Horus and Seth,,,,,,,,,,,,,,,,,,,,,,,,
en,Creatures of Light and Darkness,,,,,,,,,,,,,,,,,,,,,,,,
en,The Curse of King Tut's Tomb (2006 film),,,,,,,,,,,,,,,,,,,,,,,,
en,Gate deities of the underworld,,,,,,,,,,,,,,,,,,,,,,,,
en,Gods of Egypt (film),,,,,,,,,,,,,,,,,,,,,,,,
en,Ha (mythology),,,,,,,,,,,,,,,,,,,,,,,,
en,Hermopolis,,,,,,,,,,,,,,,,,,,,,,,,
en,Igai (deity),,,,,,,,,,,,,,,,,,,,,,,,
en,The infernal names,,,,,,,,,,,,,,,,,,,,,,,,
en,Naqada,,,,,,,,,,,,,,,,,,,,,,,,
en,Onolatry,,,,,,,,,,,,,,,,,,,,,,,,
en,Osiris myth,,,,,,,,,,,,,,,,,,,,,,,,
en,Pharaoh (video game),,,,,,,,,,,,,,,,,,,,,,,,
en,The Principle of Evil Made Flesh,,,,,,,,,,,,,,,,,,,,,,,,
en,Qaw el-Kebir,,,,,,,,,,,,,,,,,,,,,,,,
en,Risk Godstorm,,,,,,,,,,,,,,,,,,,,,,,,
en,Sepermeru,,,,,,,,,,,,,,,,,,,,,,,,
en,Set animal,,,,,,,,,,,,,,,,,,,,,,,,
en,Set Catena,,,,,,,,,,,,,,,,,,,,,,,,
en,Temple of Set,,,,,,,,,,,,,,,,,,,,,,,,
en,Tower of Set,,,,,,,,,,,,,,,,,,,,,,,,
en,Typhon,,,,,,,,,,,,,,,,,,,,,,,,
en,Was-sceptre,,,,,,,,,,,,,,,,,,,,,,,,
en,Year 400 Stela,,,,,,,,,,,,,,,,,,,,,,,,
en,Vesta (mythology),,,,,,,,,,,,,,,,,,,,,,,,
en,4 Vesta,,,,,,,,,,,,,,,,,,,,,,,,
en,House of the Vestals,,,,,,,,,,,,,,,,,,,,,,,,
en,Palladium (classical antiquity),,,,,,,,,,,,,,,,,,,,,,,,
en,Il Penseroso,,,,,,,,,,,,,,,,,,,,,,,,
en,Sacred fire of Vesta,,,,,,,,,,,,,,,,,,,,,,,,
en,Temple of Vesta,,,,,,,,,,,,,,,,,,,,,,,,
en,"Temple of Vesta, Tivoli",,,,,,,,,,,,,,,,,,,,,,,,
en,Vesta Temple,,,,,,,,,,,,,,,,,,,,,,,,
en,Vestal Virgin,,,,,,,,,,,,,,,,,,,,,,,,
en,La vestale (Mercadante),,,,,,,,,,,,,,,,,,,,,,,,
en,La vestale (Spontini),,,,,,,,,,,,,,,,,,,,,,,,
en,Vestalia,,,,,,,,,,,,,,,,,,,,,,,,
en,The Vision of the Twelve Goddesses,,,,,,,,,,,,,,,,,,,,,,,,
en,White Hall of the Winter Palace,,,,,,,,,,,,,,,,,,,,,,,,
en,Vestal Virgin,,,,,,,,,,,,,,,,,,,,,,,,
en,Aemilia (vestal),,,,,,,,,,,,,,,,,,,,,,,,
en,Aquilia Severa,,,,,,,,,,,,,,,,,,,,,,,,
en,Canuleia (priestess),,,,,,,,,,,,,,,,,,,,,,,,
en,Claudia (vestal),,,,,,,,,,,,,,,,,,,,,,,,
en,Clodia Laeta,,,,,,,,,,,,,,,,,,,,,,,,
en,Gegania (priestess),,,,,,,,,,,,,,,,,,,,,,,,
en,Junia Torquata,,,,,,,,,,,,,,,,,,,,,,,,
en,Licinia (1st-century BC vestal),,,,,,,,,,,,,,,,,,,,,,,,
en,Licinia (died 113 BC),,,,,,,,,,,,,,,,,,,,,,,,
en,Marcia (vestal),,,,,,,,,,,,,,,,,,,,,,,,
en,Postumia (vestal),,,,,,,,,,,,,,,,,,,,,,,,
en,Rhea Silvia,,,,,,,,,,,,,,,,,,,,,,,,
en,Tarpeia,,,,,,,,,,,,,,,,,,,,,,,,
en,Trial of the Vestal Virgins (114–113 BC),,,,,,,,,,,,,,,,,,,,,,,,
en,Tuccia,,,,,,,,,,,,,,,,,,,,,,,,
en,Veiled Vestal,,,,,,,,,,,,,,,,,,,,,,,,
en,Veneneia (priestess),,,,,,,,,,,,,,,,,,,,,,,,
en,Vestal Virgin Tuccia (Corradini sculpture),,,,,,,,,,,,,,,,,,,,,,,,
en,List of donkey breeds,,,,,,,,,,,,,,,,,,,,,,,,
en,Abyssinian donkey,,,,,,,,,,,,,,,,,,,,,,,,
en,American Mammoth Jackstock,,,,,,,,,,,,,,,,,,,,,,,,
en,Amiatina,,,,,,,,,,,,,,,,,,,,,,,,
en,Andalusian donkey,,,,,,,,,,,,,,,,,,,,,,,,
en,Asinara donkey,,,,,,,,,,,,,,,,,,,,,,,,
en,Asno de las Encartaciones,,,,,,,,,,,,,,,,,,,,,,,,
en,Australian donkey,,,,,,,,,,,,,,,,,,,,,,,,
en,Balearic donkey,,,,,,,,,,,,,,,,,,,,,,,,
en,Balkan donkey,,,,,,,,,,,,,,,,,,,,,,,,
en,Baudet du Poitou,,,,,,,,,,,,,,,,,,,,,,,,
en,Bourbonnais Donkey,,,,,,,,,,,,,,,,,,,,,,,,
en,Burro da Ilha Graciosa,,,,,,,,,,,,,,,,,,,,,,,,
en,Burro de Miranda,,,,,,,,,,,,,,,,,,,,,,,,
en,Castel Morrone donkey,,,,,,,,,,,,,,,,,,,,,,,,
en,Catalan donkey,,,,,,,,,,,,,,,,,,,,,,,,
en,Corsican donkey,,,,,,,,,,,,,,,,,,,,,,,,
en,Cotentin Donkey,,,,,,,,,,,,,,,,,,,,,,,,
en,Cyprus donkey,,,,,,,,,,,,,,,,,,,,,,,,
en,Fariñeiro,,,,,,,,,,,,,,,,,,,,,,,,
en,Grand Noir du Berry,,,,,,,,,,,,,,,,,,,,,,,,
en,Grigio Siciliano,,,,,,,,,,,,,,,,,,,,,,,,
en,Irish donkey,,,,,,,,,,,,,,,,,,,,,,,,
en,Kiang,,,,,,,,,,,,,,,,,,,,,,,,
en,Majorera donkey,,,,,,,,,,,,,,,,,,,,,,,,
en,Maltese donkey,,,,,,,,,,,,,,,,,,,,,,,,
en,Martina Franca donkey,,,,,,,,,,,,,,,,,,,,,,,,
en,Norman donkey,,,,,,,,,,,,,,,,,,,,,,,,
en,North American donkeys,,,,,,,,,,,,,,,,,,,,,,,,
en,Pantesco,,,,,,,,,,,,,,,,,,,,,,,,
en,Provence Donkey,,,,,,,,,,,,,,,,,,,,,,,,
en,Pyrenean donkey,,,,,,,,,,,,,,,,,,,,,,,,
en,Ragusano donkey,,,,,,,,,,,,,,,,,,,,,,,,
en,Romagnolo donkey,,,,,,,,,,,,,,,,,,,,,,,,
en,Sardinian donkey,,,,,,,,,,,,,,,,,,,,,,,,
en,Thüringer Waldesel,,,,,,,,,,,,,,,,,,,,,,,,
en,Viterbese,,,,,,,,,,,,,,,,,,,,,,,,
en,Zamorano-Leonés,,,,,,,,,,,,,,,,,,,,,,,,
en,Cyprus donkey,,,,,,,,,,,,,,,,,,,,,,,,
en,List of French donkey breeds,,,,,,,,,,,,,,,,,,,,,,,,
en,Baudet du Poitou,,,,,,,,,,,,,,,,,,,,,,,,
en,Bourbonnais Donkey,,,,,,,,,,,,,,,,,,,,,,,,
en,Corsican donkey,,,,,,,,,,,,,,,,,,,,,,,,
en,Cotentin Donkey,,,,,,,,,,,,,,,,,,,,,,,,
en,Grand Noir du Berry,,,,,,,,,,,,,,,,,,,,,,,,
en,Norman donkey,,,,,,,,,,,,,,,,,,,,,,,,
en,Provence Donkey,,,,,,,,,,,,,,,,,,,,,,,,
en,Pyrenean donkey,,,,,,,,,,,,,,,,,,,,,,,,
en,List of Italian donkey breeds,,,,,,,,,,,,,,,,,,,,,,,,
en,Amiatina,,,,,,,,,,,,,,,,,,,,,,,,
en,Asinara donkey,,,,,,,,,,,,,,,,,,,,,,,,
en,Castel Morrone donkey,,,,,,,,,,,,,,,,,,,,,,,,
en,Grigio Siciliano,,,,,,,,,,,,,,,,,,,,,,,,
en,Martina Franca donkey,,,,,,,,,,,,,,,,,,,,,,,,
en,Pantesco,,,,,,,,,,,,,,,,,,,,,,,,
en,Ragusano donkey,,,,,,,,,,,,,,,,,,,,,,,,
en,Romagnolo donkey,,,,,,,,,,,,,,,,,,,,,,,,
en,Sardinian donkey,,,,,,,,,,,,,,,,,,,,,,,,
en,Viterbese,,,,,,,,,,,,,,,,,,,,,,,,
en,Ponui donkey,,,,,,,,,,,,,,,,,,,,,,,,
en,List of Iberian donkey breeds,,,,,,,,,,,,,,,,,,,,,,,,
en,Burro da Ilha Graciosa,,,,,,,,,,,,,,,,,,,,,,,,
en,Burro de Miranda,,,,,,,,,,,,,,,,,,,,,,,,
en,List of Iberian donkey breeds,,,,,,,,,,,,,,,,,,,,,,,,
en,Andalusian donkey,,,,,,,,,,,,,,,,,,,,,,,,
en,Asno de las Encartaciones,,,,,,,,,,,,,,,,,,,,,,,,
en,Balearic donkey,,,,,,,,,,,,,,,,,,,,,,,,
en,Fariñeiro,,,,,,,,,,,,,,,,,,,,,,,,
en,Majorera donkey,,,,,,,,,,,,,,,,,,,,,,,,
en,Zamorano-Leonés,,,,,,,,,,,,,,,,,,,,,,,,
en,American Mammoth Jackstock,,,,,,,,,,,,,,,,,,,,,,,,
en,North American donkeys,,,,,,,,,,,,,,,,,,,,,,,,
en,Feral donkey,,,,,,,,,,,,,,,,,,,,,,,,
en,Asinara donkey,,,,,,,,,,,,,,,,,,,,,,,,
en,Australian donkey,,,,,,,,,,,,,,,,,,,,,,,,
en,Burro,,,,,,,,,,,,,,,,,,,,,,,,
en,Feral donkeys in Australia,,,,,,,,,,,,,,,,,,,,,,,,
en,Ponui donkey,,,,,,,,,,,,,,,,,,,,,,,,
en,Adoration of the Magi (Gentile da Fabriano),,,,,,,,,,,,,,,,,,,,,,,,
en,Adoration of the Shepherds (Le Nain),,,,,,,,,,,,,,,,,,,,,,,,
en,Alexamenos graffito,,,,,,,,,,,,,,,,,,,,,,,,
en,Allegory of Fortune,,,,,,,,,,,,,,,,,,,,,,,,
en,Ándale Bernardo,,,,,,,,,,,,,,,,,,,,,,,,
en,Apparatus and Hand,,,,,,,,,,,,,,,,,,,,,,,,
en,Balaam and the Ass,,,,,,,,,,,,,,,,,,,,,,,,
en,Bremen Town Musicians (sculpture),,,,,,,,,,,,,,,,,,,,,,,,
en,The Census at Bethlehem,,,,,,,,,,,,,,,,,,,,,,,,
en,Christ's Entry into Jerusalem (Haydon),,,,,,,,,,,,,,,,,,,,,,,,
en,Democratic Donkey (statue),,,,,,,,,,,,,,,,,,,,,,,,
en,The Discovery of Honey by Bacchus,,,,,,,,,,,,,,,,,,,,,,,,
en,Donkey Rider,,,,,,,,,,,,,,,,,,,,,,,,
en,"A Donkey, 3 Rocks, and a Bird.",,,,,,,,,,,,,,,,,,,,,,,,
en,Entry of Christ into Jerusalem (van Dyck),,,,,,,,,,,,,,,,,,,,,,,,
en,Entry of Christ into Jerusalem (Master of Taüll),,,,,,,,,,,,,,,,,,,,,,,,
en,The Eruption of Vesuvius,,,,,,,,,,,,,,,,,,,,,,,,
en,The Feast of the Gods,,,,,,,,,,,,,,,,,,,,,,,,
en,The Flight into Egypt (Elsheimer),,,,,,,,,,,,,,,,,,,,,,,,
en,The Flight into Egypt (Lorrain),,,,,,,,,,,,,,,,,,,,,,,,
en,The Flight into Egypt (Poussin),,,,,,,,,,,,,,,,,,,,,,,,
en,Landscape with the Flight into Egypt (Carracci),,,,,,,,,,,,,,,,,,,,,,,,
en,"Flight into Egypt (Henry O. Tanner painting, 1899)",,,,,,,,,,,,,,,,,,,,,,,,
en,The Flight into Egypt (El Greco),,,,,,,,,,,,,,,,,,,,,,,,
en,The Flight into Egypt (Murillo),,,,,,,,,,,,,,,,,,,,,,,,
en,The Flight into Egypt (Rembrandt),,,,,,,,,,,,,,,,,,,,,,,,
en,Hampstead Heath with a Rainbow,,,,,,,,,,,,,,,,,,,,,,,,
en,Landscape with Animals,,,,,,,,,,,,,,,,,,,,,,,,
en,Landscape with the Flight into Egypt (Bruegel),,,,,,,,,,,,,,,,,,,,,,,,
en,Landscape with the Flight into Egypt (Patinir),,,,,,,,,,,,,,,,,,,,,,,,
en,Moonlight (painting),,,,,,,,,,,,,,,,,,,,,,,,
en,Nativity (Simone dei Crocifissi),,,,,,,,,,,,,,,,,,,,,,,,
en,The Night of Enitharmon's Joy,,,,,,,,,,,,,,,,,,,,,,,,
en,Rest on the Flight into Egypt (Annibale Carracci),,,,,,,,,,,,,,,,,,,,,,,,
en,"Rest on the Flight into Egypt (David, Lisbon)",,,,,,,,,,,,,,,,,,,,,,,,
en,"Rest on the Flight into Egypt (David, Washington)",,,,,,,,,,,,,,,,,,,,,,,,
en,Riding Donkeys on the Beach,,,,,,,,,,,,,,,,,,,,,,,,
en,Saint Joseph Seeks a Lodging at Bethlehem,,,,,,,,,,,,,,,,,,,,,,,,
en,Salud (sculpture),,,,,,,,,,,,,,,,,,,,,,,,
en,Scene from A Midsummer Night's Dream,,,,,,,,,,,,,,,,,,,,,,,,
en,Seven Sorrows Polyptych,,,,,,,,,,,,,,,,,,,,,,,,
en,Titania and Bottom,,,,,,,,,,,,,,,,,,,,,,,,
en,Witches' Flight,,,,,,,,,,,,,,,,,,,,,,,,
en,An ass eating thistles,,,,,,,,,,,,,,,,,,,,,,,,
en,The Ass and his Masters,,,,,,,,,,,,,,,,,,,,,,,,
en,The Ass and the Pig,,,,,,,,,,,,,,,,,,,,,,,,
en,The Ass Carrying an Image,,,,,,,,,,,,,,,,,,,,,,,,
en,The Ass in the Lion's Skin,,,,,,,,,,,,,,,,,,,,,,,,
en,Au hasard Balthazar,,,,,,,,,,,,,,,,,,,,,,,,
en,Baba Looey,,,,,,,,,,,,,,,,,,,,,,,,
en,Benjamin (Animal Farm),,,,,,,,,,,,,,,,,,,,,,,,
en,Nick Bottom,,,,,,,,,,,,,,,,,,,,,,,,
en,Brag (folklore),,,,,,,,,,,,,,,,,,,,,,,,
en,Brighty of the Grand Canyon,,,,,,,,,,,,,,,,,,,,,,,,
en,Buridan's ass,,,,,,,,,,,,,,,,,,,,,,,,
en,Candlewick (character),,,,,,,,,,,,,,,,,,,,,,,,
en,Contrary Mary,,,,,,,,,,,,,,,,,,,,,,,,
en,Dominick the Donkey,,,,,,,,,,,,,,,,,,,,,,,,
en,The Donkey (fairy tale),,,,,,,,,,,,,,,,,,,,,,,,
en,Donkey (Shrek),,,,,,,,,,,,,,,,,,,,,,,,
en,Donkey Cabbages,,,,,,,,,,,,,,,,,,,,,,,,
en,Donkey Hodie,,,,,,,,,,,,,,,,,,,,,,,,
en,Donkey Hodie (TV series),,,,,,,,,,,,,,,,,,,,,,,,
en,The Donkey's Head,,,,,,,,,,,,,,,,,,,,,,,,
en,The Donkey's Head (Turkish folktale),,,,,,,,,,,,,,,,,,,,,,,,
en,Eeyore,,,,,,,,,,,,,,,,,,,,,,,,
en,The Entry,,,,,,,,,,,,,,,,,,,,,,,,
en,EO (film),,,,,,,,,,,,,,,,,,,,,,,,
en,The Golden Ass,,,,,,,,,,,,,,,,,,,,,,,,
en,Holly Dolly,,,,,,,,,,,,,,,,,,,,,,,,
en,The Horse and the Donkey,,,,,,,,,,,,,,,,,,,,,,,,
en,Hunky and Spunky,,,,,,,,,,,,,,,,,,,,,,,,
en,J. Jonah Jameson,,,,,,,,,,,,,,,,,,,,,,,,
en,Jenny the Burro,,,,,,,,,,,,,,,,,,,,,,,,
en,Der Kuckuck und der Esel,,,,,,,,,,,,,,,,,,,,,,,,
en,The Lion Grown Old,,,,,,,,,,,,,,,,,,,,,,,,
en,Maud (donkey),,,,,,,,,,,,,,,,,,,,,,,,
en,Maud the Mule,,,,,,,,,,,,,,,,,,,,,,,,
en,"The miller, his son and the donkey",,,,,,,,,,,,,,,,,,,,,,,,
en,"Nestor, the Long-Eared Christmas Donkey",,,,,,,,,,,,,,,,,,,,,,,,
en,Nicholas Nye,,,,,,,,,,,,,,,,,,,,,,,,
en,The Old Man and the Ass,,,,,,,,,,,,,,,,,,,,,,,,
en,The Padisah's Youngest Daughter and Her Donkey-Skull Husband,,,,,,,,,,,,,,,,,,,,,,,,
en,Platero,,,,,,,,,,,,,,,,,,,,,,,,
en,Puzzle (Narnia),,,,,,,,,,,,,,,,,,,,,,,,
en,The Small One (book),,,,,,,,,,,,,,,,,,,,,,,,
en,Sylvester and the Magic Pebble,,,,,,,,,,,,,,,,,,,,,,,,
en,Talking donkey,,,,,,,,,,,,,,,,,,,,,,,,
en,Town Musicians of Bremen,,,,,,,,,,,,,,,,,,,,,,,,
en,Los Trotamúsicos,,,,,,,,,,,,,,,,,,,,,,,,
en,Trotro,,,,,,,,,,,,,,,,,,,,,,,,
en,Wise Donkey,,,,,,,,,,,,,,,,,,,,,,,,
en,"The Wishing-Table, the Gold-Ass, and the Cudgel in the Sack",,,,,,,,,,,,,,,,,,,,,,,,
en,The Wonky Donkey,,,,,,,,,,,,,,,,,,,,,,,,
en,Army Mules,,,,,,,,,,,,,,,,,,,,,,,,
en,The Ass and his Masters,,,,,,,,,,,,,,,,,,,,,,,,
en,The Ass and the Pig,,,,,,,,,,,,,,,,,,,,,,,,
en,The Ass in the Lion's Skin,,,,,,,,,,,,,,,,,,,,,,,,
en,Baba Looey,,,,,,,,,,,,,,,,,,,,,,,,
en,Benjamin (Animal Farm),,,,,,,,,,,,,,,,,,,,,,,,
en,Nick Bottom,,,,,,,,,,,,,,,,,,,,,,,,
en,Candlewick (character),,,,,,,,,,,,,,,,,,,,,,,,
en,The Donkey (fairy tale),,,,,,,,,,,,,,,,,,,,,,,,
en,Donkey (Shrek),,,,,,,,,,,,,,,,,,,,,,,,
en,Donkey Cabbages,,,,,,,,,,,,,,,,,,,,,,,,
en,Donkey Hodie,,,,,,,,,,,,,,,,,,,,,,,,
en,Donkey Hodie (TV series),,,,,,,,,,,,,,,,,,,,,,,,
en,The Donkey's Head,,,,,,,,,,,,,,,,,,,,,,,,
en,The Donkey's Head (Turkish folktale),,,,,,,,,,,,,,,,,,,,,,,,
